,24hr growth,link,logo,marketcap,name,price,symbol,time,trading volume
0,0.06%,/currencies/bitcoin,"<img class=""coin-logo"" src=""https://s2.coinmarketcap.com/static/img/coins/64x64/1.png""/>",284508190052,Bitcoin,15346.99,BTC,20201110181538,"$26,364,391,884"
1,1.24%,/currencies/ethereum,"<img class=""coin-logo"" src=""https://s2.coinmarketcap.com/static/img/coins/64x64/1027.png""/>",51218606098,Ethereum,451.77,ETH,20201110181538,"$12,116,072,452"
2,0.04%,/currencies/tether,"<img class=""coin-logo"" src=""https://s2.coinmarketcap.com/static/img/coins/64x64/825.png""/>",17360283939,Tether,1.00,USDT,20201110181538,"$38,798,262,587"
3,1.87%,/currencies/xrp,"<img class=""coin-logo"" src=""https://s2.coinmarketcap.com/static/img/coins/64x64/52.png""/>",11591643714,XRP,0.255816,XRP,20201110181538,"$3,524,904,081"
4,4.52%,/currencies/chainlink,"<img class=""coin-logo"" src=""https://s2.coinmarketcap.com/static/img/coins/64x64/1975.png""/>",5146446967,Chainlink,13.15,LINK,20201110181538,"$1,713,157,402"
5,2.51%,/currencies/bitcoin-cash,"<img class=""coin-logo"" src=""https://s2.coinmarketcap.com/static/img/coins/64x64/1831.png""/>",4788805572,Bitcoin Cash,257.90,BCH,20201110181538,"$1,640,174,425"
6,1.02%,/currencies/binance-coin,"<img class=""coin-logo"" src=""https://s2.coinmarketcap.com/static/img/coins/64x64/1839.png""/>",4077429064,Binance Coin,28.24,BNB,20201110181538,"$309,152,172"
7,1.39%,/currencies/litecoin,"<img class=""coin-logo"" src=""https://s2.coinmarketcap.com/static/img/coins/64x64/2.png""/>",3850731661,Litecoin,58.47,LTC,20201110181538,"$2,351,226,660"
8,1.29%,/currencies/polkadot-new,"<img class=""coin-logo"" src=""https://s2.coinmarketcap.com/static/img/coins/64x64/6636.png""/>",3768560256,Polkadot,4.42,DOT,20201110181538,"$375,626,474"
9,0.13%,/currencies/cardano,"<img class=""coin-logo"" src=""https://s2.coinmarketcap.com/static/img/coins/64x64/2010.png""/>",3303075355,Cardano,0.106166,ADA,20201110181538,"$701,776,920"
10,2.07%,/currencies/bitcoin-sv,,2919062744,Bitcoin SV,157.22,BSV,20201110181538,"$621,386,887"
11,0.03%,/currencies/usd-coin,,2829041122,USD Coin,1.00,USDC,20201110181538,"$507,563,118"
12,0.28%,/currencies/eos,,2344754633,EOS,2.50,EOS,20201110181538,"$1,539,426,924"
13,0.99%,/currencies/monero,,2065927510,Monero,116.36,XMR,20201110181538,"$867,432,991"
14,0.42%,/currencies/wrapped-bitcoin,,1889738398,Wrapped Bitcoin,15312.60,WBTC,20201110181538,"$34,735,081"
15,0.01%,/currencies/tron,,1786663792,TRON,0.024933,TRX,20201110181538,"$717,289,068"
16,0.21%,/currencies/stellar,,1674593103,Stellar,0.080058,XLM,20201110181538,"$153,591,539"
17,3.68%,/currencies/tezos,,1626439232,Tezos,2.17,XTZ,20201110181538,"$167,993,079"
18,0.64%,/currencies/crypto-com-coin,,1481991244,Crypto.com Coin,0.069683,CRO,20201110181538,"$42,624,101"
19,0.68%,/currencies/unus-sed-leo,,1292695388,UNUS SED LEO,1.29,LEO,20201110181538,"$12,323,555"
20,5.69%,/currencies/nem,,1187754469,NEM,0.131973,XEM,20201110181538,"$27,273,760"
21,2.13%,/currencies/neo,,1109686300,Neo,15.73,NEO,20201110181538,"$472,158,980"
22,0.26%,/currencies/cosmos,,1053559225,Cosmos,5.12,ATOM,20201110181538,"$218,498,505"
23,3.23%,/currencies/filecoin,,976766729,Filecoin,30.57,FIL,20201110181538,"$168,207,713"
24,0.08%,/currencies/multi-collateral-dai,,971611787,Dai,1.01,DAI,20201110181538,"$73,277,198"
25,22.13%,/currencies/aave,,778293802,Aave,66.79,AAVE,20201110181538,"$427,120,583"
26,2.05%,/currencies/huobi-token,,759885306,Huobi Token,3.67,HT,20201110181538,"$74,279,225"
27,5.57%,/currencies/vechain,,750148197,VeChain,0.011664,VET,20201110181538,"$108,270,781"
28,1.73%,/currencies/iota,,708867826,IOTA,0.255032,MIOTA,20201110181538,"$10,195,734"
29,2.08%,/currencies/dash,,679954522,Dash,69.33,DASH,20201110181538,"$359,988,694"
30,13.82%,/currencies/uniswap,,667627015,Uniswap,3.07,UNI,20201110181538,"$514,344,388"
31,0.98%,/currencies/theta,,646348685,THETA,0.646349,THETA,20201110181538,"$19,693,848"
32,2.89%,/currencies/zcash,,631822738,Zcash,60.49,ZEC,20201110181538,"$374,141,145"
33,0.02%,/currencies/binance-usd,,620076005,Binance USD,1.00,BUSD,20201110181538,"$443,200,917"
34,2.52%,/currencies/ethereum-classic,,599274064,Ethereum Classic,5.15,ETC,20201110181538,"$651,565,213"
35,5.35%,/currencies/maker,,552585189,Maker,550.85,MKR,20201110181538,"$31,780,088"
36,21.89%,/currencies/yearn-finance,,551861673,yearn.finance,18415.21,YFI,20201110181538,"$778,726,356"
37,13.86%,/currencies/synthetix-network-token,,504200433,Synthetix,4.79,SNX,20201110181538,"$71,568,048"
38,2.82%,/currencies/celsius,,458521918,Celsius,1.92,CEL,20201110181538,"$2,955,261"
39,2.87%,/currencies/omg,,450661394,OMG Network,3.21,OMG,20201110181538,"$125,023,066"
40,9.06%,/currencies/compound,,428974127,Compound,103.59,COMP,20201110181538,"$115,839,191"
41,8.19%,/currencies/uma,,416164328,UMA,7.50,UMA,20201110181538,"$11,366,011"
42,1.45%,/currencies/waves,,397309253,Waves,3.84,WAVES,20201110181538,"$47,691,082"
43,2.75%,/currencies/ontology,,375992211,Ontology,0.482927,ONT,20201110181538,"$78,243,565"
44,3.58%,/currencies/dogecoin,,351939043,Dogecoin,0.002770,DOGE,20201110181538,"$39,136,666"
45,3.84%,/currencies/ftx-token,,346484650,FTX Token,3.67,FTT,20201110181538,"$4,701,762"
46,9.71%,/currencies/algorand,,325444261,Algorand,0.289163,ALGO,20201110181538,"$64,579,279"
47,5.47%,/currencies/basic-attention-token,,303811189,Basic Attention Token,0.203250,BAT,20201110181538,"$114,973,987"
48,7.36%,/currencies/ren,,301284530,Ren,0.340614,REN,20201110181538,"$69,496,801"
49,2.42%,/currencies/kusama,,295800904,Kusama,34.92,KSM,20201110181538,"$33,216,873"
50,0.32%,/currencies/bittorrent,,290268225,BitTorrent,0.000293,BTT,20201110181538,"$48,349,774"
51,0.10%,/currencies/husd,,288165356,HUSD,1.00,HUSD,20201110181538,"$29,252,005"
52,10.71%,/currencies/0x,,287552850,0x,0.386528,ZRX,20201110181538,"$47,751,744"
53,1.15%,/currencies/hedgetrade,,283874102,HedgeTrade,0.836815,HEDG,20201110181538,"$455,986"
54,3.45%,/currencies/digibyte,,278381789,DigiByte,0.020270,DGB,20201110181538,"$6,004,399"
55,0.50%,/currencies/okb,,277617317,OKB,4.63,OKB,20201110181538,"$47,426,196"
56,0.00%,/currencies/trueusd,,272853633,TrueUSD,0.999584,TUSD,20201110181538,"$81,916,798"
57,57.18%,/currencies/loopring,,260902229,Loopring,0.227717,LRC,20201110181538,"$37,363,755"
58,0.07%,/currencies/paxos-standard,,244208435,Paxos Standard,0.996965,PAX,20201110181538,"$142,466,452"
59,3.10%,/currencies/ocean-protocol,,240733953,Ocean Protocol,0.581445,OCEAN,20201110181538,"$22,062,740"
60,0.13%,/currencies/energy-web-token,,233273142,Energy Web Token,7.76,EWT,20201110181538,"$744,564"
61,5.71%,/currencies/zilliqa,,214960380,Zilliqa,0.020239,ZIL,20201110181538,"$22,729,953"
62,0.74%,/currencies/abbc-coin,,205372129,ABBC Coin,0.271458,ABBC,20201110181538,"$43,658,026"
63,2.74%,/currencies/icon,,196788418,ICON,0.343980,ICX,20201110181538,"$13,122,822"
64,0.76%,/currencies/qtum,,195389147,Qtum,2.01,QTUM,20201110181538,"$269,895,003"
65,3.17%,/currencies/celo,,191236205,Celo,1.54,CELO,20201110181538,"$2,502,514"
66,4.86%,/currencies/hedera-hashgraph,,191041394,Hedera Hashgraph,0.031764,HBAR,20201110181538,"$11,334,249"
67,5.56%,/currencies/decred,,189673747,Decred,15.50,DCR,20201110181538,"$6,792,076"
68,7.14%,/currencies/kyber-network,,172651203,Kyber Network,0.870479,KNC,20201110181538,"$29,708,648"
69,5.82%,/currencies/quant,,169966081,Quant,14.08,QNT,20201110181538,"$3,790,146"
70,5.74%,/currencies/near-protocol,,168209443,NEAR Protocol,0.961876,NEAR,20201110181538,"$21,898,976"
71,20.84%,/currencies/reserve-rights,,163532546,Reserve Rights,0.017490,RSR,20201110181538,"$130,842,689"
72,6.84%,/currencies/ampleforth,,160485130,Ampleforth,1.25,AMPL,20201110181538,"$4,566,177"
73,3.62%,/currencies/augur,,149389620,Augur,13.58,REP,20201110181538,"$9,585,392"
74,16.07%,/currencies/blockstack,,149167641,Blockstack,0.218050,STX,20201110181538,"$3,566,034"
75,3.98%,/currencies/lisk,,143650846,Lisk,1.14,LSK,20201110181538,"$3,510,686"
76,1.00%,/currencies/the-midas-touch-gold,,130651485,The Midas Touch Gold,0.019931,TMTG,20201110181538,"$5,910,271"
77,7.60%,/currencies/decentraland,,129866805,Decentraland,0.087517,MANA,20201110181538,"$79,006,691"
78,0.83%,/currencies/bitcoin-gold,,129658767,Bitcoin Gold,7.40,BTG,20201110181538,"$5,165,365"
79,7.83%,/currencies/band-protocol,,129445274,Band Protocol,6.32,BAND,20201110181538,"$107,901,916"
80,6.69%,/currencies/aragon,,129127881,Aragon,3.26,ANT,20201110181538,"$18,645,986"
81,4.35%,/currencies/siacoin,,121456776,Siacoin,0.002698,SC,20201110181538,"$1,914,212"
82,0.92%,/currencies/revain,,121350143,Revain,0.010567,REV,20201110181538,"$455,801"
83,3.86%,/currencies/nxm,,119562845,NXM,22.87,NXM,20201110181538,"$14,402,878"
84,3.55%,/currencies/terra-luna,,118907379,Terra,0.308041,LUNA,20201110181538,"$3,337,089"
85,0.64%,/currencies/zb-token,,116114000,ZB Token,0.250630,ZB,20201110181538,"$7,349,500"
86,3.79%,/currencies/elrond-egld,,115543675,Elrond,8.43,EGLD,20201110181538,"$7,353,974"
87,5.34%,/currencies/enjin-coin,,115372386,Enjin Coin,0.140163,ENJ,20201110181538,"$7,188,122"
88,19.97%,/currencies/golem-network-tokens,,113799827,Golem,0.114872,GNT,20201110181538,"$41,247,614"
89,13.36%,/currencies/thorchain,,107729285,THORChain,0.679971,RUNE,20201110181538,"$12,535,810"
90,12.10%,/currencies/solana,,104998993,Solana,2.29,SOL,20201110181538,"$15,908,752"
91,12.73%,/currencies/sushiswap,,102357350,SushiSwap,0.677966,SUSHI,20201110181538,"$27,574,505"
92,6.92%,/currencies/nexo,,100285820,Nexo,0.179082,NEXO,20201110181538,"$8,645,996"
93,2.58%,/currencies/cybervein,,99977458,CyberVein,0.094282,CVT,20201110181538,"$5,579,121"
94,0.60%,/currencies/nano,,99642366,Nano,0.747795,NANO,20201110181538,"$3,953,789"
95,1.16%,/currencies/dxchain-token,,98536748,DxChain Token,0.001971,DX,20201110181538,"$368,504"
96,5.68%,/currencies/ravencoin,,97835956,Ravencoin,0.013137,RVN,20201110181538,"$8,326,246"
97,13.08%,/currencies/status,,95171440,Status,0.027423,SNT,20201110181538,"$13,880,683"
98,10.05%,/currencies/swissborg,,89390852,SwissBorg,0.096802,CHSB,20201110181538,"$1,389,298"
99,5.22%,/currencies/avalanche,,88182107,Avalanche,3.60,AVAX,20201110181538,"$24,333,725"
100,0.01%,/currencies/numeraire,"<img class=""coin-logo"" src=""https://s2.coinmarketcap.com/static/img/coins/64x64/1732.png""/>",87105187,Numeraire,23.66,NMR,20201110181554,"$5,045,719"
101,5.49%,/currencies/orchid,"<img class=""coin-logo"" src=""https://s2.coinmarketcap.com/static/img/coins/64x64/5026.png""/>",86155121,Orchid,0.234382,OXT,20201110181554,"$9,037,363"
102,2.14%,/currencies/bitcoin-diamond,"<img class=""coin-logo"" src=""https://s2.coinmarketcap.com/static/img/coins/64x64/2222.png""/>",84832469,Bitcoin Diamond,0.454883,BCD,20201110181554,"$1,864,354"
103,16.83%,/currencies/balancer,"<img class=""coin-logo"" src=""https://s2.coinmarketcap.com/static/img/coins/64x64/5728.png""/>",84510529,Balancer,12.17,BAL,20201110181554,"$69,207,716"
104,11.41%,/currencies/matic-network,"<img class=""coin-logo"" src=""https://s2.coinmarketcap.com/static/img/coins/64x64/3890.png""/>",83234000,Matic Network,0.017494,MATIC,20201110181554,"$21,041,054"
105,0.47%,/currencies/monacoin,"<img class=""coin-logo"" src=""https://s2.coinmarketcap.com/static/img/coins/64x64/213.png""/>",82321059,MonaCoin,1.25,MONA,20201110181554,"$788,144"
106,0.32%,/currencies/holo,"<img class=""coin-logo"" src=""https://s2.coinmarketcap.com/static/img/coins/64x64/2682.png""/>",81300387,Holo,0.000488,HOT,20201110181554,"$6,348,137"
107,12.11%,/currencies/rlc,"<img class=""coin-logo"" src=""https://s2.coinmarketcap.com/static/img/coins/64x64/1637.png""/>",81064354,iExec RLC,1.01,RLC,20201110181554,"$8,855,561"
108,1.36%,/currencies/bytom,"<img class=""coin-logo"" src=""https://s2.coinmarketcap.com/static/img/coins/64x64/1866.png""/>",80274163,Bytom,0.057918,BTM,20201110181554,"$5,204,366"
109,10.36%,/currencies/iotex,"<img class=""coin-logo"" src=""https://s2.coinmarketcap.com/static/img/coins/64x64/2777.png""/>",79892075,IoTeX,0.008233,IOTX,20201110181554,"$4,546,767"
110,8.90%,/currencies/swipe,,79682805,Swipe,1.04,SXP,20201110181554,"$51,633,821"
111,4.77%,/currencies/iostoken,,78913949,IOST,0.005171,IOST,20201110181554,"$24,544,986"
112,7.89%,/currencies/arweave,,78667140,Arweave,2.36,AR,20201110181554,"$3,094,471"
113,4.79%,/currencies/uquid-coin,,77629653,Uquid Coin,7.76,UQC,20201110181554,"$15,353,567"
114,7.65%,/currencies/verge,,77105065,Verge,0.004705,XVG,20201110181554,"$2,528,548"
115,0.50%,/currencies/pax-gold,,75748194,PAX Gold,1882.41,PAXG,20201110181554,"$1,920,107"
116,7.50%,/currencies/storj,,74181365,Storj,0.371820,STORJ,20201110181554,"$20,377,902"
117,5.15%,/currencies/velas,,73098896,Velas,0.034705,VLX,20201110181554,"$1,265,518"
118,12.91%,/currencies/horizen,,69830849,Horizen,6.75,ZEN,20201110181554,"$4,077,017"
119,0.88%,/currencies/kucoin-shares,,68200316,KuCoin Shares,0.844812,KCS,20201110181554,"$4,849,873"
120,6.68%,/currencies/civic,,67101229,Civic,0.100151,CVC,20201110181554,"$291,922,010"
121,17.74%,/currencies/yearn-finance-ii,,66639045,DFI.Money,1726.58,YFII,20201110181554,"$213,896,017"
122,10.31%,/currencies/nervos-network,,66229654,Nervos Network,0.003102,CKB,20201110181554,"$11,371,699"
123,25.12%,/currencies/curve-dao-token,,64740925,Curve DAO Token,0.571692,CRV,20201110181554,"$45,766,385"
124,4.13%,/currencies/divi,,64210014,Divi,0.032266,DIVI,20201110181554,"$310,206"
125,1.53%,/currencies/gnosis-gno,,63662692,Gnosis,57.63,GNO,20201110181554,"$130,925"
126,7.23%,/currencies/helium,,63634727,Helium,1.16,HNT,20201110181554,"$304,477"
127,0.96%,/currencies/rsk-infrastructure-framework,,63220512,RSK Infrastructure Framework,0.094798,RIF,20201110181554,"$422,713"
128,26.20%,/currencies/aelf,,61071571,aelf,0.112165,ELF,20201110181554,"$26,500,710"
129,17.04%,/currencies/serum,,60640847,Serum,1.21,SRM,20201110181554,"$41,821,992"
130,7.67%,/currencies/komodo,,60174475,Komodo,0.490415,KMD,20201110181554,"$2,473,361"
131,4.60%,/currencies/steem,,59426822,Steem,0.150937,STEEM,20201110181554,"$1,630,710"
132,4.79%,/currencies/maidsafecoin,,59000117,MaidSafeCoin,0.130372,MAID,20201110181554,"$195,958"
133,0.07%,/currencies/utrust,,58481991,Utrust,0.129960,UTK,20201110181554,"$4,891,200"
134,2.80%,/currencies/bitshares,,57428009,BitShares,0.019159,BTS,20201110181554,"$6,335,114"
135,3.75%,/currencies/ardor,,56277561,Ardor,0.056334,ARDR,20201110181554,"$4,941,399"
136,2.36%,/currencies/unibright,,55498196,Unibright,0.372972,UBT,20201110181554,"$1,285,540"
137,2.29%,/currencies/chiliz,,53787124,Chiliz,0.010931,CHZ,20201110181554,"$8,584,681"
138,8.66%,/currencies/kava,,53042891,Kava.io,1.58,KAVA,20201110181554,"$17,457,706"
139,6.42%,/currencies/stratis,,52338461,Stratis,0.523230,STRAT,20201110181554,"$14,509,143"
140,6.02%,/currencies/ankr,,52157882,Ankr,0.008947,ANKR,20201110181554,"$12,519,985"
141,8.74%,/currencies/bancor,,52025758,Bancor,0.734540,BNT,20201110181554,"$29,984,927"
142,8.34%,/currencies/wax,,52020825,WAX,0.037102,WAXP,20201110181554,"$1,098,778"
143,9.26%,/currencies/origintrail,,50289973,OriginTrail,0.152003,TRAC,20201110181554,"$3,288,256"
144,9.04%,/currencies/irisnet,,49581921,IRISnet,0.057257,IRIS,20201110181554,"$3,925,974"
145,5.62%,/currencies/hive-blockchain,,48826160,Hive,0.117647,HIVE,20201110181554,"$2,494,460"
146,6.52%,/currencies/energi,,48747770,Energi,1.41,NRG,20201110181554,"$1,975,669"
147,11.50%,/currencies/wanchain,,47771730,Wanchain,0.282992,WAN,20201110181554,"$2,181,282"
148,6.41%,/currencies/tomochain,,47101438,TomoChain,0.619905,TOMO,20201110181554,"$4,862,701"
149,16.49%,/currencies/sharetoken,,46853093,ShareToken,0.023734,SHR,20201110181554,"$5,103,571"
150,8.98%,/currencies/quarkchain,,45872644,QuarkChain,0.005042,QKC,20201110181554,"$4,176,463"
151,2.17%,/currencies/just,,45606225,JUST,0.020177,JST,20201110181554,"$33,688,256"
152,4.47%,/currencies/ark,,45291751,Ark,0.362157,ARK,20201110181554,"$5,113,300"
153,12.10%,/currencies/fantom,,44116185,Fantom,0.020662,FTM,20201110181554,"$10,723,260"
154,3.75%,/currencies/singularitynet,,43938661,SingularityNET,0.052223,AGI,20201110181554,"$1,189,762"
155,0.58%,/currencies/theta-fuel,,43884326,Theta Fuel,0.008843,TFUEL,20201110181554,"$790,824"
156,2.80%,/currencies/electroneum,,42796501,Electroneum,0.004193,ETN,20201110181554,"$869,245"
157,10.79%,/currencies/power-ledger,,40315148,Power Ledger,0.095085,POWR,20201110181554,"$4,334,664"
158,0.23%,/currencies/hxro,,39353908,Hxro,0.219670,HXRO,20201110181554,"$173,851"
159,2.67%,/currencies/hypercash,,39115606,HyperCash,0.871668,HC,20201110181554,"$7,857,554"
160,22.54%,/currencies/waykichain,,38844939,WaykiChain,0.205529,WICC,20201110181554,"$8,140,658"
161,1.95%,/currencies/pundi-x,,38767930,Pundi X,0.000165,NPXS,20201110181554,"$1,571,992"
162,11.41%,/currencies/tellor,,38619282,Tellor,24.97,TRB,20201110181554,"$39,985,280"
163,1.78%,/currencies/hyperion,,38360417,Hyperion,0.121100,HYN,20201110181554,"$72,954"
164,0.86%,/currencies/stasis-euro,,37793513,STASIS EURO,1.18,EURS,20201110181554,"$2,480,117"
165,0.15%,/currencies/zcoin,,37307813,Zcoin,3.33,XZC,20201110181554,"$5,194,171"
166,42.88%,/currencies/loom-network,,36871014,Loom Network,0.037991,LOOM,20201110181554,"$122,212,807"
167,0.07%,/currencies/sun,,36046251,SUN,7.87,SUN,20201110181554,"$40,251,526"
168,12.26%,/currencies/aion,,35286928,Aion,0.073843,AION,20201110181554,"$3,468,814"
169,10.83%,/currencies/fetch,,34742467,Fetch.ai,0.046565,FET,20201110181554,"$5,413,558"
170,4.53%,/currencies/solve,,34623804,SOLVE,0.092170,SOLVE,20201110181554,"$1,257,929"
171,7.18%,/currencies/aeternity,,34308219,Aeternity,0.105661,AE,20201110181554,"$10,525,195"
172,10.26%,/currencies/dia,,34307994,DIA,1.21,DIA,20201110181554,"$15,041,260"
173,5.25%,/currencies/voyager-token,,34211587,Voyager Token,0.153902,VGX,20201110181554,"$760,164"
174,5.25%,/currencies/v-systems,,33596059,v.systems,0.015754,VSYS,20201110181554,"$1,960,736"
175,2.73%,/currencies/harmony,,33545806,Harmony,0.005363,ONE,20201110181554,"$5,109,706"
176,1.29%,/currencies/polymath-network,,33271263,Polymath,0.062189,POLY,20201110181554,"$29,700,514"
177,0.83%,/currencies/travala,,33263079,Travala.com,0.799265,AVA,20201110181554,"$1,467,854"
178,0.17%,/currencies/super-zero-protocol,,32637914,Super Zero Protocol,0.110079,SERO,20201110181554,"$2,817,258"
179,0.31%,/currencies/gatetoken,,32175212,GateToken,0.422438,GT,20201110181554,"$11,435,399"
180,4.56%,/currencies/xdai,,31916679,xDai,10.01,STAKE,20201110181554,"$1,119,447"
181,22.88%,/currencies/district0x,,31776835,district0x,0.052961,DNT,20201110181554,"$28,330,459"
182,3.86%,/currencies/streamr,,31659470,Streamr,0.045712,DATA,20201110181554,"$3,766,872"
183,2.96%,/currencies/switcheo,,30714647,Switcheo,0.028827,SWTH,20201110181554,"$238,635"
184,3.69%,/currencies/digitex-futures,,30576301,Digitex Futures,0.032841,DGTX,20201110181554,"$2,820,717"
185,0.05%,/currencies/nexalt,,30543583,Nexalt,1.57,XLT,20201110181554,"$376,805"
186,1.24%,/currencies/orbs,,28704065,Orbs,0.012872,ORBS,20201110181554,"$179,119"
187,5.18%,/currencies/flexacoin,,28596748,Flexacoin,0.003932,FXC,20201110181554,"$216,949"
188,0.21%,/currencies/wink-tronbet,,28345733,WINk,0.000090,WIN,20201110181554,"$4,326,848"
189,4.54%,/currencies/adx-net,,27891634,AdEx Network,0.272994,ADX,20201110181554,"$2,438,471"
190,2.42%,/currencies/ultra,,27836617,Ultra,0.098544,UOS,20201110181554,"$481,981"
191,2.04%,/currencies/wirex-token,,27785577,Wirex Token,0.008962,WXT,20201110181554,"$795,564"
192,17.44%,/currencies/kleros,,27745862,Kleros,0.048692,PNK,20201110181554,"$2,790,382"
193,14.21%,/currencies/syscoin,,27710530,Syscoin,0.046198,SYS,20201110181554,"$1,413,910"
194,2.72%,/currencies/handshake,,27689529,Handshake ,0.086322,HNS,20201110181554,"$468,635"
195,2.82%,/currencies/thunder-token,,27507115,Thunder Token,0.004672,TT,20201110181554,"$3,963,592"
196,6.99%,/currencies/funfair,,27427749,FunFair,0.004188,FUN,20201110181554,"$627,122"
197,42.64%,/currencies/origin-protocol,,26736718,Origin Protocol,0.176391,OGN,20201110181554,"$26,767,926"
198,2.39%,/currencies/request,,26451228,Request,0.026452,REQ,20201110181554,"$5,057,541"
199,8.14%,/currencies/mxc,,26432236,MXC,0.010362,MXC,20201110181554,"$3,172,659"
200,4.34%,/currencies/hex,"<img class=""coin-logo"" src=""https://s2.coinmarketcap.com/static/img/coins/64x64/5015.png""/>",3214684442,HEX,0.007858,HEX,20201110181609,"$10,465,312"
201,0.61%,/currencies/ize,"<img class=""coin-logo"" src=""https://s2.coinmarketcap.com/static/img/coins/64x64/5677.png""/>",1617378866,IZE,0.388711,IZE,20201110181609,"$51,139"
202,0.15%,/currencies/counos-x,"<img class=""coin-logo"" src=""https://s2.coinmarketcap.com/static/img/coins/64x64/5482.png""/>",1070137623,Counos X,60.35,CCXX,20201110181609,"$450,256"
203,8.50%,/currencies/bitcoinpos,"<img class=""coin-logo"" src=""https://s2.coinmarketcap.com/static/img/coins/64x64/5815.png""/>",661452756,BitcoinPoS,174.61,BPS,20201110181609,"$1,390,935"
204,1.06%,/currencies/ino-coin,"<img class=""coin-logo"" src=""https://s2.coinmarketcap.com/static/img/coins/64x64/3085.png""/>",585532109,INO COIN,3.25,INO,20201110181609,"$493,163"
205,0.62%,/currencies/insight-chain,"<img class=""coin-logo"" src=""https://s2.coinmarketcap.com/static/img/coins/64x64/3116.png""/>",433414804,Insight Chain,1.24,INB,20201110181609,"$2,522,943"
206,1.15%,/currencies/homeros,"<img class=""coin-logo"" src=""https://s2.coinmarketcap.com/static/img/coins/64x64/5336.png""/>",329150376,Homeros,0.875508,HMR,20201110181609,"$14,672,940"
207,0.95%,/currencies/zelwin,"<img class=""coin-logo"" src=""https://s2.coinmarketcap.com/static/img/coins/64x64/5614.png""/>",307740757,Zelwin,5.10,ZLW,20201110181609,"$494,910"
208,0.75%,/currencies/renbtc,"<img class=""coin-logo"" src=""https://s2.coinmarketcap.com/static/img/coins/64x64/5777.png""/>",294573751,renBTC,15386.11,RENBTC,20201110181609,"$252,373"
209,5.30%,/currencies/creditcoin,"<img class=""coin-logo"" src=""https://s2.coinmarketcap.com/static/img/coins/64x64/5198.png""/>",292249082,Creditcoin,0.531146,CTC,20201110181609,"$3,282,413"
210,0.54%,/currencies/cipher-core-token,,260982002,Cipher Core Token,35.12,CIPHC,20201110181609,"$122,630"
211,0.17%,/currencies/thorecoin,,259290036,ThoreCoin,2991.14,THR,20201110181609,"$32,580"
212,0.72%,/currencies/tnc-coin,,258773316,TNC Coin,0.112002,TNC,20201110181609,"$8,799,206"
213,1.67%,/currencies/basid-coin,,253790359,Basid Coin,0.707395,BASID,20201110181609,"$2,245,067"
214,13.11%,/currencies/poseidon-network,,239834078,Poseidon Network,0.111402,QQQ,20201110181609,"$1,836,877"
215,12.35%,/currencies/mindol,,217008859,MINDOL,1.27,MIN,20201110181609,"$72,918"
216,3.98%,/currencies/botxcoin,,180476233,botXcoin,0.110579,BOTX,20201110181609,"$137,109"
217,32.26%,/currencies/strong,,177069181,Strong,37.58,STRONG,20201110181609,"$1,820,887"
218,0.18%,/currencies/largo-coin,,172147247,Largo Coin,10.03,LRG,20201110181609,"$1,623,902"
219,0.29%,/currencies/vitae,,146905998,Vitae,7.54,VITAE,20201110181609,"$1,283,081"
220,2.18%,/currencies/sologenic,,144880565,Sologenic,0.724396,SOLO,20201110181609,"$1,833,745"
221,0.78%,/currencies/doctors-coin,,136243906,Doctors Coin,0.593031,DRS,20201110181609,"$10,583"
222,2.22%,/currencies/yusra,,127511682,YUSRA,3.69,YUSRA,20201110181609,"$97,906"
223,0.54%,/currencies/idea-chain-coin,,113658064,Idea Chain Coin,2.22,ICH,20201110181609,"$525,782"
224,5.50%,/currencies/edc-blockchain-v1,,109024194,EDC Blockchain v1 [old],0.040823,EDC,20201110181609,"$90,610"
225,0.23%,/currencies/terra-krw,,107942357,TerraKRW,0.000886,KRT,20201110181609,"$7,791"
226,6.66%,/currencies/metacoin,,106586652,Metacoin,0.103746,MTC,20201110181609,"$137,174"
227,0.01%,/currencies/cryptonex,,105563109,Cryptonex,1.90,CNX,20201110181609,"$898,341"
228,0.52%,/currencies/defichain,,102394567,DeFiChain,0.268272,DFI,20201110181609,"$4,291,091"
229,1.19%,/currencies/stpay,,93870182,STPAY,21.68,STP,20201110181609,$991
230,1.28%,/currencies/bitcoin-bep2,,93352926,Bitcoin BEP2,18666.66,BTCB,20201110181609,"$9,472"
231,0.02%,/currencies/helper-search-token,,88159856,Helper Search Token,0.010396,HSN,20201110181609,$0
232,2.35%,/currencies/bitball-treasure,,87696468,Bitball Treasure,194.88,BTRS,20201110181609,"$152,718"
233,1.93%,/currencies/newyork-exchange,,82721728,NewYork Exchange,11.67,NYE,20201110181609,"$321,153"
234,5.20%,/currencies/beldex,,81584154,Beldex,0.083230,BDX,20201110181609,"$266,151"
235,0.03%,/currencies/counos-coin,,80513635,Counos Coin,5.42,CCA,20201110181609,"$19,373"
236,3.15%,/currencies/everus,,88187217,Everus,0.189334,EVR,20201110181609,"$84,608"
237,0.24%,/currencies/qcash,,70788795,Qcash,0.153889,QC,20201110181609,"$273,269,390"
238,0.26%,/currencies/mixin,,69673954,Mixin,132.93,XIN,20201110181609,"$1,009,321"
239,3.22%,/currencies/xinfin-network,,68085409,XinFin Network,0.005582,XDC,20201110181609,"$1,997,523"
240,0.09%,/currencies/bitbook-gambling,,67740878,Bitbook Gambling,0.189386,BXK,20201110181609,"$21,377"
241,0.28%,/currencies/attila,,67263781,Attila,0.149348,ATT,20201110181609,"$407,874"
242,3.71%,/currencies/nest-protocol,,65653646,NEST Protocol,0.037543,NEST,20201110181609,"$29,712,743"
243,0.58%,/currencies/baer-chain,,63943661,Baer Chain,0.367492,BRC,20201110181609,"$3,651"
244,0.25%,/currencies/mobilian-coin,,63892588,Mobilian Coin,0.553071,MBN,20201110181609,"$2,162,426"
245,1.46%,/currencies/huobi-btc,,62616705,Huobi BTC,13017.58,HBTC,20201110181609,$0
246,0.71%,/currencies/neutrino-usd,,61021618,Neutrino USD,0.995640,USDN,20201110181609,"$2,976,845"
247,0.17%,/currencies/joule,,58931057,Joule,0.058319,JUL,20201110181609,$0
248,0.06%,/currencies/centrality,,58763441,Centrality,0.049731,CENNZ,20201110181609,"$934,312"
249,1.09%,/currencies/wbnb,,55429245,Wrapped BNB,28.28,WBNB,20201110181609,$0
250,0.01%,/currencies/math,,54930891,MATH,0.482778,MATH,20201110181609,"$318,558"
251,3.18%,/currencies/darma-cash,,54393386,Darma Cash,0.258521,DMCH,20201110181609,"$296,152"
252,9.08%,/currencies/greenpower,,53564743,GreenPower,0.016575,GRN,20201110181609,"$1,133"
253,5.62%,/currencies/bithao,,51488108,Bithao,1.60,BHAO,20201110181609,"$20,427,762"
254,0.18%,/currencies/mimblewimblecoin,,51188887,MimbleWimbleCoin,4.80,MWC,20201110181609,"$450,517"
255,12.30%,/currencies/keep-network,,46898834,Keep Network,0.216205,KEEP,20201110181609,"$801,915"
256,7.53%,/currencies/whitecoin,,46067852,WhiteCoin,0.184136,XWC,20201110181609,"$52,259"
257,0.24%,/currencies/axel,,45008629,AXEL,0.172327,AXEL,20201110181609,"$373,147"
258,1.11%,/currencies/breezecoin,,44555456,Breezecoin,0.445555,BRZE,20201110181609,"$25,278"
259,6.31%,/currencies/tap,,42458055,Tap,0.034465,XTP,20201110181609,"$224,131"
260,21.72%,/currencies/bankera,,41557102,Bankera,0.001688,BNK,20201110181609,"$50,004"
261,32.09%,/currencies/titanswap,,40476463,TitanSwap,0.757927,TITAN,20201110181609,"$8,228,918"
262,2.85%,/currencies/rocket-pool,,40090208,Rocket Pool,3.90,RPL,20201110181609,"$1,351,396"
263,7.53%,/currencies/nervenetwork,,40044497,NerveNetwork,0.158711,NVT,20201110181609,"$564,783"
264,0.07%,/currencies/xenioscoin,,38463278,XeniosCoin,0.504271,XNC,20201110181609,"$82,327"
265,3.19%,/currencies/btu-protocol,,38297177,BTU Protocol,0.425456,BTU,20201110181609,"$81,838"
266,14.17%,/currencies/cryptoindex-com-100,,37478475,Cryptoindex.com 100,0.600525,CIX100,20201110181609,"$23,603"
267,1.38%,/currencies/cvault-finance,,36595338,cVault.finance,3659.53,CORE,20201110181609,"$4,659,275"
268,0.28%,/currencies/mstable-usd,,36664968,mStable USD,1.00,MUSD,20201110181609,"$738,586"
269,2.27%,/currencies/harvest-finance,,34674140,Harvest Finance,122.99,FARM,20201110181609,"$1,768,731"
270,9.97%,/currencies/kin,,34365670,Kin,0.000023,KIN,20201110181609,"$23,616"
271,11.93%,/currencies/vestchain,,34336389,VestChain,0.005678,VEST,20201110181609,"$11,737"
272,4.79%,/currencies/helleniccoin,,34025957,Hellenic Coin,0.486930,HNC,20201110181609,"$54,523"
273,0.16%,/currencies/livepeer,,33914408,Livepeer,1.62,LPT,20201110181609,"$83,447"
274,2.11%,/currencies/swingby,,32759318,Swingby,0.037227,SWINGBY,20201110181609,"$309,461"
275,4.76%,/currencies/s4fe,,31531503,S4FE,0.035219,S4F,20201110181609,"$306,114"
276,1.34%,/currencies/metaverse-dualchain-network-architecture,,30453294,Metaverse Dualchain Network Architecture,0.001560,DNA,20201110181609,"$820,704"
277,0.73%,/currencies/playfuel,,29930793,PlayFuel,0.059862,PLF,20201110181609,"$3,836,285"
278,0.04%,/currencies/uni-coin,,29917836,UNI COIN,0.498552,UNI,20201110181609,$0
279,0.62%,/currencies/amp,,29402877,Amp,0.003322,AMP,20201110181609,"$137,359"
280,2.56%,/currencies/stem-cell-coin,,29871378,STEM CELL COIN,0.093156,SCC,20201110181609,"$68,674"
281,3.29%,/currencies/ultiledger,,29628174,Ultiledger,0.012661,ULT,20201110181609,"$831,579"
282,11.71%,/currencies/orbit-chain,,29342606,Orbit Chain,0.064418,ORC,20201110181609,"$1,041,399"
283,2.50%,/currencies/nexxo,,28771659,Nexxo,0.134037,NEXXO,20201110181609,"$191,110"
284,0.06%,/currencies/usdk,,28605651,USDK,1.00,USDK,20201110181609,"$37,591,276"
285,5.43%,/currencies/troy,,28568627,TROY,0.002952,TROY,20201110181609,"$972,833"
286,1.19%,/currencies/extstock-token,,28444676,ExtStock Token,0.047283,XT,20201110181609,$0
287,9.45%,/currencies/redd,,27776299,ReddCoin,0.000964,RDD,20201110181609,"$27,947"
288,37.12%,/currencies/the-transfer-token,,27536639,The Transfer Token,1.04,TTT,20201110181609,"$762,928"
289,2.07%,/currencies/c20,,26194949,CRYPTO20,0.648346,C20,20201110181609,"$6,698"
290,0.96%,/currencies/chimpion,,26111762,Chimpion,0.823004,BNANA,20201110181609,"$717,104"
291,1.43%,/currencies/nucypher,,25760711,NuCypher,0.069718,NU,20201110181609,"$762,541"
292,16.40%,/currencies/mainframe,,25538856,Mainframe,0.002554,MFT,20201110181609,"$11,312,048"
293,4.23%,/currencies/elastos,,25504070,Elastos,1.48,ELA,20201110181609,"$1,982,897"
294,13.16%,/currencies/flamingo,,25491891,Flamingo,0.169946,FLM,20201110181609,"$6,198,820"
295,1.58%,/currencies/agavecoin,,25473565,AgaveCoin,0.065213,AGVC,20201110181609,"$24,047"
296,9.62%,/currencies/the-sandbox,,25411923,The Sandbox,0.041845,SAND,20201110181609,"$5,302,958"
297,6.50%,/currencies/bitmax-token,,25364861,BitMax Token,0.038396,BTMX,20201110181609,"$2,479,235"
298,0.05%,/currencies/bonorum,,25360745,Bonorum,39.75,BONO,20201110181609,$409
299,9.24%,/currencies/idex,,25334773,IDEX,0.047168,IDEX,20201110181609,"$460,739"
300,3.26%,/currencies/gxchain,"<img class=""coin-logo"" src=""https://s2.coinmarketcap.com/static/img/coins/64x64/1750.png""/>",25131020,GXChain,0.359015,GXC,20201110181625,"$2,433,312"
301,15.00%,/currencies/yflink,"<img class=""coin-logo"" src=""https://s2.coinmarketcap.com/static/img/coins/64x64/6407.png""/>",24787736,YF Link,494.62,YFL,20201110181625,"$703,107"
302,9.19%,/currencies/trust-wallet-token,"<img class=""coin-logo"" src=""https://s2.coinmarketcap.com/static/img/coins/64x64/5964.png""/>",24573644,Trust Wallet Token,0.097932,TWT,20201110181625,"$490,969"
303,3.06%,/currencies/bhex-token,"<img class=""coin-logo"" src=""https://s2.coinmarketcap.com/static/img/coins/64x64/4281.png""/>",24458229,BHEX Token,0.125017,BHT,20201110181625,"$134,619"
304,4.71%,/currencies/native-utility-token,"<img class=""coin-logo"" src=""https://s2.coinmarketcap.com/static/img/coins/64x64/4033.png""/>",24386325,Native Utility Token,24.81,NUT,20201110181625,$338
305,4.65%,/currencies/keep3rv1,"<img class=""coin-logo"" src=""https://s2.coinmarketcap.com/static/img/coins/64x64/7535.png""/>",24301189,Keep3rV1,121.51,KP3R,20201110181625,"$11,053,237"
306,16.88%,/currencies/haven-protocol,"<img class=""coin-logo"" src=""https://s2.coinmarketcap.com/static/img/coins/64x64/2662.png""/>",24299396,Haven Protocol,1.75,XHV,20201110181625,"$1,039,176"
307,2.17%,/currencies/nectar,"<img class=""coin-logo"" src=""https://s2.coinmarketcap.com/static/img/coins/64x64/2538.png""/>",23953431,Nectar,0.152068,NEC,20201110181625,"$2,538"
308,1.75%,/currencies/elitium,"<img class=""coin-logo"" src=""https://s2.coinmarketcap.com/static/img/coins/64x64/3968.png""/>",23880639,Elitium,1.22,EUM,20201110181625,"$119,215"
309,1.18%,/currencies/buggyra-coin-zero,"<img class=""coin-logo"" src=""https://s2.coinmarketcap.com/static/img/coins/64x64/3415.png""/>",23394990,Buggyra Coin Zero,0.011635,BCZERO,20201110181625,"$4,077"
310,1.27%,/currencies/kardiachain,,23279663,KardiaChain,0.013303,KAI,20201110181625,"$398,130"
311,8.11%,/currencies/ripio-credit-network,,23274937,Ripio Credit Network,0.045780,RCN,20201110181625,"$286,657"
312,11.16%,/currencies/nuls,,22895442,NULS,0.229934,NULS,20201110181625,"$5,930,658"
313,0.95%,/currencies/bytecoin-bcn,,22528355,Bytecoin,0.000122,BCN,20201110181625,"$10,658"
314,7.87%,/currencies/secret,,22769120,Secret,0.403738,SCRT,20201110181625,"$549,874"
315,5.51%,/currencies/hashgard,,22793721,Hashgard,0.000230,GARD,20201110181625,"$88,883"
316,12.95%,/currencies/zynecoin,,22733016,Zynecoin,1.03,ZYN,20201110181625,"$575,671"
317,7.14%,/currencies/dad,,22772066,DAD,0.169181,DAD,20201110181625,"$27,644"
318,5.42%,/currencies/conun,,22759941,CONUN,0.007858,CON,20201110181625,"$745,689"
319,3.02%,/currencies/everipedia,,22674285,Everipedia,0.002367,IQ,20201110181625,"$1,729,529"
320,1.67%,/currencies/bloomzed-token,,22644026,Bloomzed Loyalty Club Ticket,0.595895,BLCT,20201110181625,"$10,517"
321,0.24%,/currencies/susd,,22510130,sUSD,0.999977,SUSD,20201110181625,"$14,366"
322,15.90%,/currencies/parsiq,,22303694,PARSIQ,0.200619,PRQ,20201110181625,"$592,437"
323,2.82%,/currencies/wom-protocol,,22320072,WOM Protocol,0.222739,WOM,20201110181625,"$1,304,506"
324,25.76%,/currencies/basic,,22213463,BASIC,0.008273,BASIC,20201110181625,"$3,300,744"
325,34.70%,/currencies/1irstcoin,,22103451,1irstcoin,0.632118,FST,20201110181625,"$42,878"
326,2.78%,/currencies/crypto-com,,22108543,MCO,1.40,MCO,20201110181625,"$15,961,655"
327,11.12%,/currencies/cortex,,22074788,Cortex,0.088321,CTXC,20201110181625,"$5,349,700"
328,18.59%,/currencies/akropolis,,22253156,Akropolis,0.011150,AKRO,20201110181625,"$7,157,405"
329,1.19%,/currencies/contracoin,,22201875,CONTRACOIN,0.845899,CTCN,20201110181625,"$37,095"
330,0.61%,/currencies/bosagora,,21820396,BOSAGORA,0.077344,BOA,20201110181625,"$226,837"
331,14.48%,/currencies/coti,,21821893,COTI,0.038417,COTI,20201110181625,"$5,002,903"
332,2.87%,/currencies/vethor-token,,21730704,VeThor Token,0.000738,VTHO,20201110181625,"$2,501,395"
333,47.92%,/currencies/peepcoin,,21725422,PeepCoin,0.000153,PCN,20201110181625,$213
334,9.74%,/currencies/orion-protocol,,21704142,Orion Protocol,1.74,ORN,20201110181625,"$4,344,041"
335,3.07%,/currencies/melon,,21543927,Melon,20.77,MLN,20201110181625,"$1,069,396"
336,5.17%,/currencies/darcio-ecosystem-coin,,21451031,Darico Ecosystem Coin,0.340458,DEC,20201110181625,$0
337,1.01%,/currencies/mx-token,,21248831,MX Token,0.140142,MX,20201110181625,"$1,088,633"
338,1.42%,/currencies/bora,,20841222,BORA,0.026634,BORA,20201110181625,"$1,243,416"
339,21.34%,/currencies/bzx-protocol,,20763408,bZx Protocol,0.147667,BZRX,20201110181625,"$9,093,678"
340,3.85%,/currencies/certik,,20712242,CertiK,0.923179,CTK,20201110181625,"$3,377,203"
341,3.59%,/currencies/sora,,20613441,Sora,58.90,XOR,20201110181625,"$872,213"
342,18.67%,/currencies/bluzelle,,20413169,Bluzelle,0.081597,BLZ,20201110181625,"$3,637,780"
343,16.90%,/currencies/quantstamp,,20241099,Quantstamp,0.028357,QSP,20201110181625,"$491,663"
344,41.16%,/currencies/tratin,,20239748,Tratin,0.000181,TRAT,20201110181625,$0
345,5.25%,/currencies/metal,,20170484,Metal,0.307529,MTL,20201110181625,"$2,708,410"
346,10.06%,/currencies/xensor,,20030340,Xensor,0.004320,XSR,20201110181625,"$2,026,444"
347,7.86%,/currencies/veruscoin,,19986971,VerusCoin,0.343185,VRSC,20201110181625,"$15,890"
348,0.37%,/currencies/bigone-token,,19978742,BigONE Token,0.002114,ONE,20201110181625,"$2,963,133"
349,3.68%,/currencies/erc20,,19920233,ERC20,0.017682,ERC20,20201110181625,"$167,038"
350,16.71%,/currencies/dragonchain,,19826018,Dragonchain,0.053910,DRGN,20201110181625,"$78,194"
351,2.76%,/currencies/chainx,,19807732,ChainX,2.63,PCX,20201110181625,"$1,335,061"
352,9.19%,/currencies/celer-network,,19758581,Celer Network,0.004948,CELR,20201110181625,"$5,620,944"
353,11.13%,/currencies/loki,,19716973,Loki,0.382410,LOKI,20201110181625,"$180,982"
354,3.28%,/currencies/cindicator,,19685065,Cindicator,0.009843,CND,20201110181625,"$71,106"
355,1.10%,/currencies/obyte,,19458904,Obyte,25.82,GBYTE,20201110181625,"$9,305"
356,0.30%,/currencies/dynamic-trading-rights,,19356996,Dynamic Trading Rights,0.011926,DTR,20201110181625,"$27,311"
357,3.07%,/currencies/fnb-protocol,,19278440,FNB Protocol,0.008121,FNB,20201110181625,"$618,589"
358,2.72%,/currencies/newscrypto,,19255138,Newscrypto,0.202190,NWC,20201110181625,"$653,244"
359,54.09%,/currencies/stakenet,,19224741,Stakenet,0.177488,XSN,20201110181625,$0
360,7.24%,/currencies/beam,,19104214,Beam,0.255489,BEAM,20201110181625,"$18,128,696"
361,4.64%,/currencies/wazirx,,19058392,WazirX,0.081510,WRX,20201110181625,"$1,073,290"
362,13.59%,/currencies/arpa-chain,,18930917,ARPA Chain,0.019731,ARPA,20201110181625,"$7,365,616"
363,9.94%,/currencies/pivx,,18917690,PIVX,0.333168,PIVX,20201110181625,"$325,348"
364,4.65%,/currencies/nimiq,,18896529,Nimiq,0.002755,NIM,20201110181625,"$868,740"
365,0.96%,/currencies/huobi-pool-token,,18764004,Huobi Pool Token,0.003599,HPT,20201110181625,"$188,122"
366,5.66%,/currencies/lto-network,,18718994,LTO Network,0.076932,LTO,20201110181625,"$2,308,720"
367,1.68%,/currencies/nash-exchange,,18679037,Nash Exchange,0.796799,NEX,20201110181625,"$52,413"
368,11.36%,/currencies/bdcc-bitica-coin,,18657911,BDCC Bitica COIN,5.01,BDCC,20201110181625,"$5,346,017"
369,16.87%,/currencies/yfdai-finance,,18455567,YFDAI.FINANCE,1140.02,YF-DAI,20201110181625,"$2,254,219"
370,1.77%,/currencies/vidt-datalink,,18234960,VIDT Datalink,0.368917,VIDT,20201110181625,"$1,432,645"
371,8.18%,/currencies/ignis,,17948141,Ignis,0.023580,IGNIS,20201110181625,"$729,318"
372,4.05%,/currencies/crpt,,17521285,Crypterium,0.207524,CRPT,20201110181625,"$182,061"
373,7.03%,/currencies/etherisc,,17462144,Etherisc DIP Token,0.103694,DIP,20201110181625,"$24,268"
374,46.93%,/currencies/ergo,,17419867,Ergo,0.738692,ERG,20201110181625,"$1,136,928"
375,4.92%,/currencies/nebulas-token,,17362755,Nebulas,0.302967,NAS,20201110181625,"$1,660,328"
376,8.05%,/currencies/bridge-oracle,,17354953,Bridge Oracle,0.002169,BRG,20201110181625,"$94,320"
377,6.86%,/currencies/thorenext,,17138219,ThoreNext,0.357416,THX,20201110181625,"$4,325"
378,4.54%,/currencies/sport-and-leisure,,17090529,Sport and Leisure,0.025275,SNL,20201110181625,"$214,125"
379,0.91%,/currencies/trustswap,,16986161,TrustSwap,0.260177,SWAP,20201110181625,"$1,085,201"
380,12.39%,/currencies/audius,,16978364,Audius,0.141486,AUDIO,20201110181625,"$2,177,225"
381,3.89%,/currencies/prizm,,16909642,PRIZM,0.007355,PZM,20201110181625,"$106,209"
382,9.45%,/currencies/stormx,,16759258,StormX,0.002225,STMX,20201110181625,"$1,207,326"
383,0.27%,/currencies/levolution,,16747351,Levolution,0.288288,LEVL,20201110181625,"$279,844"
384,3.64%,/currencies/zap,,16660802,Zap,0.070553,ZAP,20201110181625,"$688,106"
385,2.34%,/currencies/noia-network,,16502348,NOIA Network,0.051346,NOIA,20201110181625,"$487,981"
386,16.94%,/currencies/airswap,,16360405,AirSwap,0.109069,AST,20201110181625,"$2,445,405"
387,9.31%,/currencies/gleec,,16267242,Gleec,1.27,GLEEC,20201110181625,"$32,483"
388,4.64%,/currencies/dent,,16020414,Dent,0.000188,DENT,20201110181625,"$302,298"
389,2.32%,/currencies/sentivate,,15703563,Sentivate,0.004630,SNTVT,20201110181625,"$201,109"
390,0.40%,/currencies/synchrobitcoin,,15617289,SynchroBitcoin,0.194549,SNB,20201110181625,"$415,710"
391,0.40%,/currencies/celo-dollar,,15539649,Celo Dollar,0.991119,CUSD,20201110181625,"$5,452"
392,13.02%,/currencies/phala-network,,15525511,Phala.Network,0.121251,PHA,20201110181625,"$5,709,183"
393,0.55%,/currencies/pirate-chain,,15427857,Pirate Chain,0.089815,ARRR,20201110181625,"$459,132"
394,0.09%,/currencies/suku,,9018324,SUKU,0.113495,SUKU,20201110181625,"$21,731"
395,5.33%,/currencies/12ships,,15280671,12Ships,0.003114,TSHP,20201110181625,"$319,501"
396,13.42%,/currencies/grin,,15200062,Grin,0.265627,GRIN,20201110181625,"$3,342,904"
397,54.66%,/currencies/meta,,15015113,Meta,1.51,MTA,20201110181625,"$5,493,892"
398,5.88%,/currencies/truechain,,14879865,TrueChain,0.186990,TRUE,20201110181625,"$6,756,701"
399,5.76%,/currencies/groestlcoin,,14810304,Groestlcoin,0.194156,GRS,20201110181625,"$1,157,835"
400,0.04%,/currencies/b2bx,"<img class=""coin-logo"" src=""https://s2.coinmarketcap.com/static/img/coins/64x64/2204.png""/>",14738258,B2BX,0.750811,B2B,20201110181640,"$3,615"
401,8.65%,/currencies/standard-tokenization-protocol,"<img class=""coin-logo"" src=""https://s2.coinmarketcap.com/static/img/coins/64x64/4006.png""/>",14655081,Standard Tokenization Protocol,0.015993,STPT,20201110181640,"$1,834,388"
402,0.17%,/currencies/folgory-coin,"<img class=""coin-logo"" src=""https://s2.coinmarketcap.com/static/img/coins/64x64/4842.png""/>",14586368,Folgory Coin,0.832294,FLG,20201110181640,"$345,774"
403,0.24%,/currencies/karatgold-coin,"<img class=""coin-logo"" src=""https://s2.coinmarketcap.com/static/img/coins/64x64/2907.png""/>",14497925,Karatgold Coin,0.003066,KBC,20201110181640,$74
404,0.42%,/currencies/davinci-coin,"<img class=""coin-logo"" src=""https://s2.coinmarketcap.com/static/img/coins/64x64/3154.png""/>",14383890,Davinci Coin,0.003129,DAC,20201110181640,"$534,756"
405,13.14%,/currencies/ecoreal-estate,"<img class=""coin-logo"" src=""https://s2.coinmarketcap.com/static/img/coins/64x64/3344.png""/>",14348717,Ecoreal Estate,0.068664,ECOREAL,20201110181640,"$2,883"
406,0.29%,/currencies/salus,"<img class=""coin-logo"" src=""https://s2.coinmarketcap.com/static/img/coins/64x64/1159.png""/>",14283567,SaluS,14.11,SLS,20201110181640,"$1,624"
407,3.76%,/currencies/gas,"<img class=""coin-logo"" src=""https://s2.coinmarketcap.com/static/img/coins/64x64/1785.png""/>",14204067,Gas,1.40,GAS,20201110181640,"$3,835,939"
408,0.19%,/currencies/gemini-dollar,"<img class=""coin-logo"" src=""https://s2.coinmarketcap.com/static/img/coins/64x64/3306.png""/>",14309710,Gemini Dollar,1.00,GUSD,20201110181640,"$2,896,508"
409,10.17%,/currencies/axie-infinity,"<img class=""coin-logo"" src=""https://s2.coinmarketcap.com/static/img/coins/64x64/6783.png""/>",14208708,Axie Infinity,0.266316,AXS,20201110181640,"$8,093,438"
410,0.79%,/currencies/yep-coin,,14239481,YEP COIN,3.29,YEP,20201110181640,"$2,654"
411,6.23%,/currencies/unobtanium,,14174948,Unobtanium,69.83,UNO,20201110181640,"$7,077"
412,4.72%,/currencies/envion,,14154535,Envion,0.111081,EVN,20201110181640,$0
413,19.80%,/currencies/nkn,,14121451,NKN,0.024194,NKN,20201110181640,"$3,532,532"
414,7.26%,/currencies/beowulf,,14067870,Beowulf,0.014068,BWF,20201110181640,"$26,422"
415,3.81%,/currencies/contentos,,13951755,Contentos,0.006507,COS,20201110181640,"$583,138"
416,19.33%,/currencies/morpheus-network,,13879582,Morpheus.Network,0.294194,MRPH,20201110181640,"$750,632"
417,4.36%,/currencies/invictus-hyperion-fund,,13704484,Invictus Hyperion Fund,0.116126,IHF,20201110181640,$570
418,0.08%,/currencies/zbg-token,,13687006,ZBG Token,0.051842,ZT,20201110181640,"$1,385,121"
419,11.65%,/currencies/onotoken,,13612258,ONOToken,0.000759,ONOT,20201110181640,$57
420,6.50%,/currencies/wixlar,,13549350,Wixlar,0.005663,WIX,20201110181640,"$2,644"
421,13.21%,/currencies/massnet,,13515101,Massnet,0.155592,MASS,20201110181640,"$358,360"
422,2.89%,/currencies/injective-protocol,,13447983,Injective Protocol,0.995536,INJ,20201110181640,"$8,536,728"
423,19.48%,/currencies/jewel,,13361536,Jewel,0.244224,JWL,20201110181640,$0
424,1.47%,/currencies/apollo-currency,,13353349,Apollo Currency,0.000909,APL,20201110181640,"$685,386"
425,3.83%,/currencies/medibloc,,13322057,MediBloc,0.004971,MED,20201110181640,"$237,009"
426,10.33%,/currencies/venus,,13267579,Venus,3.14,XVS,20201110181640,"$2,911,795"
427,0.25%,/currencies/bitkan,,13190731,BitKan,0.002047,KAN,20201110181640,"$554,813"
428,8.16%,/currencies/fabrk,,12919686,FABRK,0.002695,FAB,20201110181640,"$747,511"
429,0.71%,/currencies/zenon,,13033220,Zenon,2.75,ZNN,20201110181640,"$362,015"
430,1.47%,/currencies/populous,,13013079,Populous,0.244367,PPT,20201110181640,"$2,020,887"
431,1.53%,/currencies/perpetual-protocol,,13014793,Perpetual Protocol,0.876042,PERP,20201110181640,"$235,271"
432,0.82%,/currencies/bit-z-token,,12956674,Bit-Z Token,0.103615,BZ,20201110181640,"$2,597,405"
433,2.24%,/currencies/dusk-network,,12963285,Dusk Network,0.047342,DUSK,20201110181640,"$614,549"
434,6.73%,/currencies/proton,,12899618,Proton,0.006780,XPR,20201110181640,"$536,826"
435,1.46%,/currencies/dinastycoin,,12855735,Dinastycoin,0.006477,DCY,20201110181640,"$3,666"
436,1.39%,/currencies/king-dag,,12853469,King DAG,0.262307,KDAG,20201110181640,"$201,126"
437,11.38%,/currencies/enigma,,12823664,Enigma,0.528426,ENG,20201110181640,"$53,604"
438,0.23%,/currencies/platincoin,,12786584,PLATINCOIN,2.56,PLC,20201110181640,"$561,553"
439,2.67%,/currencies/drep,,12813358,DREP,0.003214,DREP,20201110181640,"$497,367"
440,3.82%,/currencies/constellation,,12791513,Constellation,0.010097,DAG,20201110181640,"$87,469"
441,13.12%,/currencies/tixl,,12690734,Tixl,265.62,MTXLT,20201110181640,"$24,543"
442,9.25%,/currencies/apm-coin,,12675095,apM Coin,0.035026,APM,20201110181640,"$4,398,315"
443,29.95%,/currencies/blocknet,,12861548,Blocknet,1.77,BLOCK,20201110181640,"$11,206"
444,1.05%,/currencies/digixdao,,12573520,DigixDAO,86.66,DGD,20201110181640,"$88,327"
445,21.08%,/currencies/chromia,,12582247,Chromia,0.029291,CHR,20201110181640,"$3,871,952"
446,6.57%,/currencies/qash,,12547542,QASH,0.035850,QASH,20201110181640,"$181,591"
447,44.02%,/currencies/octofi,,12573520,OctoFi,22.06,OCTO,20201110181640,"$1,184,034"
448,6.15%,/currencies/fusion,,12542135,Fusion,0.264089,FSN,20201110181640,"$1,136,695"
449,6.71%,/currencies/aergo,,12506056,Aergo,0.047368,AERGO,20201110181640,"$5,886,171"
450,1.11%,/currencies/bhp-coin,,12393547,BHPCoin,0.614224,BHP,20201110181640,"$3,684,630"
451,12.52%,/currencies/seele,,12337696,Seele-N,0.017636,SEELE,20201110181640,"$64,263"
452,0.17%,/currencies/repo,,12319267,REPO,0.112035,REPO,20201110181640,$0
453,4.80%,/currencies/moeda-loyalty-points,,12257215,Moeda Loyalty Points,0.624448,MDA,20201110181640,"$329,403"
454,6.11%,/currencies/lambda,,12212566,Lambda,0.014342,LAMB,20201110181640,"$5,420,029"
455,13.94%,/currencies/darwinia-network,,12148872,Darwinia Network,0.039219,RING,20201110181640,"$1,738,292"
456,1.60%,/currencies/bitcoinhd,,12478544,BitcoinHD,2.05,BHD,20201110181640,"$9,675,170"
457,2.22%,/currencies/moviebloc,,12191086,MovieBloc,0.001429,MBL,20201110181640,"$1,071,195"
458,0.71%,/currencies/milk-alliance,,12084981,MiL.k,0.154617,MLK,20201110181640,"$557,252"
459,3.12%,/currencies/project-pai,,12050952,Project Pai,0.008118,PAI,20201110181640,"$176,514"
460,2.92%,/currencies/mvl,,12055404,MVL,0.001173,MVL,20201110181640,"$936,538"
461,4.76%,/currencies/pancakeswap,,11928782,PancakeSwap,0.235830,CAKE,20201110181640,"$320,411"
462,8.34%,/currencies/render-token,,11891363,Render Token,0.108226,RNDR,20201110181640,"$18,684"
463,23.31%,/currencies/kcash,,11799973,Kcash,0.026487,KCASH,20201110181640,"$19,130,868"
464,1.33%,/currencies/rakon,,11771589,Rakon,0.089082,RKN,20201110181640,"$594,501"
465,7.68%,/currencies/nexus,,11739953,Nexus,0.181531,NXS,20201110181640,"$983,399"
466,1.42%,/currencies/rchain,,11729122,RChain,0.024289,REV,20201110181640,"$168,698"
467,40.73%,/currencies/advanced-internet-blocks,,11590808,Advanced Internet Blocks,0.000479,AIB,20201110181640,$5
468,20.78%,/currencies/quantum-resistant-ledger,,11566819,Quantum Resistant Ledger,0.159436,QRL,20201110181640,"$223,219"
469,31.41%,/currencies/weshow-token,,11984757,WeShow Token,0.025837,WET,20201110181640,"$9,901,038"
470,0.80%,/currencies/dmm-governance,,11550099,DMM: Governance,0.246298,DMG,20201110181640,"$1,041,711"
471,0.02%,/currencies/usdj,,11467679,USDJ,0.993719,USDJ,20201110181640,"$4,037,510"
472,0.27%,/currencies/level01,,11457294,Level01,0.070741,LVX,20201110181640,"$223,199"
473,5.58%,/currencies/latoken,,11411955,LATOKEN,0.030023,LA,20201110181640,"$55,198"
474,6.25%,/currencies/aurora,,11423404,Aurora,0.001746,AOA,20201110181640,"$1,766,364"
475,5.45%,/currencies/einsteinium,,11478361,Einsteinium,0.051988,EMC2,20201110181640,"$784,767"
476,9.42%,/currencies/bella-protocol,,11258026,Bella Protocol,0.776416,BEL,20201110181640,"$2,808,373"
477,3.77%,/currencies/content-value-network,,11226943,Content Value Network,0.012137,CVNT,20201110181640,"$1,542,502"
478,0.10%,/currencies/cocos-bcx,,11099619,Cocos-BCX,0.000282,COCOS,20201110181640,"$821,664"
479,16.87%,/currencies/0chain,,10981903,0Chain,0.226894,ZCN,20201110181640,"$238,586"
480,2.35%,/currencies/quark,,10861162,Quark,0.040670,QRK,20201110181640,"$1,762"
481,5.51%,/currencies/coinmetro-token,,10828341,CoinMetro Token,0.038717,XCM,20201110181640,"$36,446"
482,7.44%,/currencies/bounce-token,,10877917,Bounce Token,410.66,BOT,20201110181640,"$1,573,767"
483,18.90%,/currencies/raiden-network-token,,10749926,Raiden Network Token,0.211153,RDN,20201110181640,"$1,872,362"
484,3.79%,/currencies/sapphire,,10610106,Sapphire,0.026135,SAPP,20201110181640,"$28,927"
485,3.56%,/currencies/library-credit,,10587439,LBRY Credits,0.021625,LBC,20201110181640,"$536,062"
486,1.54%,/currencies/molecular-future,,10424467,Molecular Future,0.121950,MOF,20201110181640,"$3,317,349"
487,4.32%,/currencies/carry,,10413324,Carry,0.001695,CRE,20201110181640,"$942,293"
488,8.84%,/currencies/perlin,,10398011,Perlin,0.021522,PERL,20201110181640,"$3,011,722"
489,4.78%,/currencies/tachyon-protocol,,10454249,Tachyon Protocol,0.039175,IPX,20201110181640,"$330,442"
490,321.78%,/currencies/gny,,12419692,GNY,0.064559,GNY,20201110181640,"$85,017"
491,0.99%,/currencies/metaverse,,10315437,Metaverse ETP,0.130120,ETP,20201110181640,"$158,346"
492,1.13%,/currencies/amo-coin,,10303544,AMO Coin,0.000567,AMO,20201110181640,"$212,217"
493,0.50%,/currencies/biki,,10258346,BIKI,0.032577,BIKI,20201110181640,"$1,228,377"
494,0.05%,/currencies/anchor,,10241710,Anchor,0.799251,ANCT,20201110181640,"$16,121"
495,0.35%,/currencies/insights-network,,10195637,Insights Network,0.051819,INSTAR,20201110181640,"$5,071"
496,17.52%,/currencies/crypto-village-accelerator,,10873469,Crypto Village Accelerator,0.151751,CVA,20201110181640,"$924,308"
497,1.63%,/currencies/monolith,,10131262,Monolith,0.299634,TKN,20201110181640,"$20,696"
498,1.48%,/currencies/iqeon,,10059661,IQeon,1.83,IQN,20201110181640,"$292,726"
499,4.13%,/currencies/prometeus,,10107917,Prometeus,1.65,PROM,20201110181640,"$174,444"
